{
    "metadata": {
        "version": 3,
        "faces": 6,
        "uvs": 0,
        "type": "Geometry",
        "normals": 8,
        "vertices": 8,
        "generator": "io_three"
    },
    "faces": [33,1,0,4,5,0,1,2,3,33,5,6,2,1,3,4,5,0,33,6,7,3,2,4,6,7,5,33,0,3,7,4,1,7,6,2,33,0,1,2,3,1,0,5,7,33,7,6,5,4,6,4,3,2],
    "uvs": [],
    "normals": [-0.577349,-0.577349,-0.577349,-0.577349,-0.577349,0.577349,-0.577349,0.577349,0.577349,-0.577349,0.577349,-0.577349,0.577349,0.577349,-0.577349,0.577349,-0.577349,-0.577349,0.577349,0.577349,0.577349,0.577349,-0.577349,0.577349],
    "name": "Cube.001Geometry",
    "vertices": [-0.971051,-0.075865,1.57182,-0.971051,-0.075866,-1.4199,1.02895,-0.075866,-1.4199,1.02895,-0.075865,1.57182,-0.971051,0.18017,1.57182,-0.971051,0.18017,-1.4199,1.02895,0.18017,-1.4199,1.02895,0.18017,1.57182]
}