{
    "faces": [43,1,0,4,5,0,0,0,0,0,0,1,2,3,43,5,6,2,1,0,0,0,0,0,3,4,5,0,43,6,7,3,2,0,0,0,0,0,4,6,7,5,43,0,3,7,4,0,0,0,0,0,1,7,6,2,43,0,1,2,3,0,1,2,3,4,1,0,5,7,43,7,6,5,4,0,5,6,7,8,6,4,3,2],
    "metadata": {
        "faces": 6,
        "materials": 1,
        "uvs": 1,
        "type": "Geometry",
        "normals": 8,
        "version": 3,
        "vertices": 8,
        "generator": "io_three",
        "colors": 0
    },
    "materials": [{
        "mapDiffuseAnisotropy": 1,
        "colorDiffuse": [0.8,0.8,0.8],
        "mapDiffuse": ".",
        "colorSpecular": [0.991525,0.991525,0.991525],
        "colorAmbient": [0.8,0.8,0.8],
        "blending": "NormalBlending",
        "shading": "phong",
        "colorEmissive": [0,0,0],
        "vertexColors": false,
        "DbgIndex": 0,
        "depthTest": true,
        "visible": true,
        "specularCoef": 50,
        "opacity": 1,
        "DbgName": "Material.001",
        "DbgColor": 15658734,
        "mapDiffuseRepeat": [1,1],
        "depthWrite": true,
        "transparent": false,
        "mapDiffuseWrap": ["RepeatWrapping","RepeatWrapping"],
        "wireframe": false
    }],
    "name": "Cube.001Geometry.13",
    "colors": [],
    "uvs": [[0,0,0,1,0,0,1,0,1,1,0.514653,0.108857,0.51731,0.790349,0.389712,0.800428,0.395026,0.116921]],
    "vertices": [-0.971051,0.027489,1.57182,-0.971051,0.027489,-1.4199,1.02895,0.027489,-1.4199,1.02895,0.027489,1.57182,-0.971051,0.283525,1.57182,-0.971051,0.283525,-1.4199,1.02895,0.283525,-1.4199,1.02895,0.283525,1.57182],
    "normals": [-0.577349,-0.577349,-0.577349,-0.577349,-0.577349,0.577349,-0.577349,0.577349,0.577349,-0.577349,0.577349,-0.577349,0.577349,0.577349,-0.577349,0.577349,-0.577349,-0.577349,0.577349,0.577349,0.577349,0.577349,-0.577349,0.577349]
}