{
    "colors": [],
    "metadata": {
        "version": 3,
        "faces": 6,
        "materials": 1,
        "colors": 0,
        "vertices": 8,
        "generator": "io_three",
        "uvs": 1,
        "type": "Geometry",
        "normals": 8
    },
    "faces": [43,1,0,4,5,0,2,3,0,1,0,1,2,3,43,5,6,2,1,0,0,1,2,3,3,4,5,0,43,6,7,3,2,0,0,1,2,3,4,6,7,5,43,0,3,7,4,0,2,3,0,1,1,7,6,2,43,0,1,2,3,0,0,1,2,3,1,0,5,7,43,7,6,5,4,0,0,1,2,3,6,4,3,2],
    "uvs": [[0,0,1,0,1,1,0,1]],
    "materials": [{
        "visible": true,
        "DbgName": "Material",
        "transparent": false,
        "wireframe": false,
        "shading": "phong",
        "colorSpecular": [0.5,0.432057,0.06274],
        "colorDiffuse": [0.64,0.030803,0.041087],
        "blending": "NormalBlending",
        "colorEmissive": [0,0,0],
        "specularCoef": 50,
        "vertexColors": false,
        "depthTest": true,
        "DbgIndex": 0,
        "depthWrite": true,
        "colorAmbient": [0.64,0.030803,0.041087],
        "DbgColor": 15658734,
        "opacity": 1
    }],
    "normals": [-0.577349,-0.577349,-0.577349,-0.577349,-0.577349,0.577349,-0.577349,0.577349,0.577349,-0.577349,0.577349,-0.577349,0.577349,0.577349,-0.577349,0.577349,-0.577349,-0.577349,0.577349,0.577349,0.577349,0.577349,-0.577349,0.577349],
    "name": "Cube.001Geometry.3",
    "vertices": [-0.971051,-0.075865,1.57182,-0.971051,-0.075866,-1.4199,1.02895,-0.075866,-1.4199,1.02895,-0.075865,1.57182,-0.971051,0.18017,1.57182,-0.971051,0.18017,-1.4199,1.02895,0.18017,-1.4199,1.02895,0.18017,1.57182]
}