{
    "colors": [],
    "metadata": {
        "version": 3,
        "faces": 6,
        "materials": 1,
        "colors": 0,
        "vertices": 9,
        "generator": "io_three",
        "uvs": 1,
        "type": "Geometry",
        "normals": 8
    },
    "faces": [43,1,0,4,5,0,2,3,0,1,0,1,2,3,43,5,6,2,1,0,4,5,6,7,3,4,5,0,43,6,7,3,2,0,8,9,10,11,4,6,7,5,43,0,3,7,4,0,14,6,12,13,1,7,6,2,43,0,1,2,3,0,15,16,17,18,1,0,5,7,43,7,6,5,4,0,9,8,1,0,6,4,3,2],
    "uvs": [[0.899003,0.403088,0.899004,0.000463,0.990277,0.000463,0.990277,0.403088,0.636765,0.059904,0.636765,0.559904,0.615744,0.559904,0.615744,0.059904,0.082081,0.000462,0.082081,0.403088,-0.009192,0.403088,-0.009192,0.000462,0.636765,0.559904,0.636765,1.0599,0.615744,1.0599,0.385549,0.807836,0.385549,0.059904,0.5737,0.059904,0.5737,0.807836]],
    "materials": [{
        "mapDiffuse": "knitting-texture.png",
        "visible": true,
        "mapDiffuseAnisotropy": 1,
        "DbgName": "Material",
        "mapDiffuseRepeat": [1,1],
        "transparent": false,
        "wireframe": false,
        "shading": "phong",
        "colorSpecular": [0.5,0.432057,0.06274],
        "colorDiffuse": [0.8,0.74681,0.770097],
        "blending": "NormalBlending",
        "colorEmissive": [0,0,0],
        "specularCoef": 50,
        "mapDiffuseWrap": ["RepeatWrapping","RepeatWrapping"],
        "vertexColors": false,
        "depthTest": true,
        "DbgIndex": 0,
        "depthWrite": true,
        "colorAmbient": [0.8,0.74681,0.770097],
        "DbgColor": 15658734,
        "opacity": 1
    }],
    "normals": [-0.577349,-0.577349,-0.577349,-0.577349,-0.577349,0.577349,-0.577349,0.577349,0.577349,-0.577349,0.577349,-0.577349,0.577349,0.577349,-0.577349,0.577349,-0.577349,-0.577349,0.577349,0.577349,0.577349,0.577349,-0.577349,0.577349],
    "name": "Cube.001Geometry",
    "vertices": [-0.971051,-0.075865,1.57182,-0.971051,-0.075866,-1.4199,1.02895,-0.075866,-1.4199,1.02895,-0.075865,1.57182,-0.971051,0.147591,1.57182,-0.971051,0.14759,-1.4199,1.02895,0.14759,-1.4199,1.02895,0.147591,1.57182,0.768883,0.106369,0.699808]
}